Name,lon,lat
,-49.3179899996412,-25.5560170002665
,-49.4695969995742,-25.5917970002456
,-50.7831559997009,-25.5641809997831
,-51.4290890002504,-23.4149840002616
,-51.580669,-23.598053
,-50.9305119997294,-25.5662570001515
,-50.3037679996937,-26.828761000343
,-51.074647,-26.892643
,-51.4350230003936,-25.4437990003007
,-51.4590269998305,-23.5442510001207
,-49.406142,-25.56134
,-48.6941500003703,-25.4431389995545
,-52.15399,-23.496657
,-49.356332,-25.551168
,-48.6271579996406,-25.5546470000668
,-48.71953,-26.373863
,-48.9918319997381,-26.4726160003996
,-50.3764249998578,-23.1068959996521
,-50.320777,-27.650463
,-48.978487,-25.438826
,-51.246959,-27.097741
,-51.0423690001416,-24.1268939997188
,-49.6316819995712,-25.5862380003015
,-50.111721,-24.96527
,-49.322281,-25.193471
,-50.840502000048,-24.8397060002857
,-50.000783,-24.790989
,-50.09044,-24.919522
,-50.135566,-25.181615
,-50.002983,-24.310806
,-51.3668639998285,-23.6630729996382
,-49.2686699996439,-25.3419239995717
,-50.057738999948,-23.0539990002426
,-50.17393,-26.077536
,-49.2563789996437,-25.4377720003671
,-50.6507229995902,-23.1793729996127
,-51.4242540004053,-23.4952729997006
,-50.005653,-24.688812
,-52.610226,-23.663161
,-51.614309,-27.343054
,-52.235071,-23.536195
,-48.523324,-25.510307
,-49.766146,-26.015405
,-50.066982,-25.215278
,-49.737028000222,-25.6090860004101
,-48.9145220000245,-25.4333689997513
,-51.116096,-26.35111
,-50.2338350000909,-25.2717869995585
,-50.3879489995755,-26.6896479998753
,-48.633869,-26.234853
,-50.3533900001224,-27.1532650004448
,-50.585862,-25.457422
,-49.5007480002108,-24.55491699989
,-50.5496350000657,-25.4116769998703
,-50.690339,-26.181831
,-51.2392309997483,-25.4731820003776
,-49.921484,-23.498941
,-50.7273910002867,-23.1991470001133
,-49.5693689995894,-25.5981659997565
,-51.114848,-26.964693
,-50.010633,-26.043501
,-51.488088,-25.390643
,-50.349265999777,-25.3239009997466
,-50.6584050002706,-25.5173379997531
,-50.607016,-24.309313
,-51.497298,-27.170928
,-49.2410200003121,-26.4237830003682
,-50.3438999997363,-26.5927409997263
,-49.233,-25.534721
,-50.228808,-23.048291
,-50.5749759999799,-25.0094289998341
,-51.0812839998426,-25.5732139997874
,-49.823506,-24.148128
,-49.337211,-25.218605
,-51.043595,-23.271516
,-49.9112840000836,-26.3604130002258
,-50.6417220001617,-25.4644639996052
,-51.364457,-27.094511
,-51.628787,-23.601916
,-49.086092,-26.479997
,-48.846576,-26.321946
,-51.4467650002678,-23.5470109996435
,-49.71292,-24.256104
,-51.486397,-25.417007
,-52.475349,-23.616878
,-50.9798780000486,-23.2521720000273
,-49.965168,-23.153344
,-49.1999280000835,-25.4828010004148
,-49.1995630003454,-25.4584870001777
,-48.9662119995534,-25.4223709999987
,-49.7380270004071,-25.7677049998164
,-50.3526070000016,-26.7676730001722
,-51.210218,-23.279961
,-50.8837249995829,-24.4235520004471
,-50.437119999899,-23.1190090004404
,-51.119093,-23.305481
,-49.7299430000816,-26.1458110003495
,-50.914484,-26.295254
,-50.522692,-26.046856
,-49.9204360001775,-25.3515109999325
,-50.297121,-27.823462
,-50.3884639999329,-24.9450059997154
,-50.7427390000106,-24.9308249998269
,-49.744472,-25.856273
,-50.0294980003527,-25.2934160001327
,-49.2503109996188,-24.3984859997196
,-51.793235,-23.490166
,-51.147636,-26.472537
,-50.387205,-26.134893
,-50.2330239995788,-26.4613010004235
,-51.2370489998896,-23.9069730001698
,-51.9917549998829,-23.4357040003028
,-50.36404,-26.635899
,-51.680948999888,-23.5228540003484
,-49.9268530001023,-24.8896900003142
,-51.896481,-23.431907
,-49.8960690001953,-25.4602729997686
,-49.910382,-23.011464
,-48.8341009998967,-25.479071000245
,-50.135477,-24.291736
,-49.881934,-24.383554
,-49.816484,-26.179351
,-48.918912000041,-25.4393100002172
,-51.278345,-23.27599
,-51.167355,-26.397599
,-49.1956109998347,-25.4443509996656
,-49.5159300003766,-26.2594229998228
,-49.2898510002512,-26.3563120000413
,-50.3129929995554,-27.4376280000891
,-51.1212379997739,-23.9947169997178
,-50.157222,-25.118056
,-51.103864,-26.593409
,-50.3493770003971,-27.5655570003241
,-50.957739,-24.244388
,-49.819042,-23.992646
,-48.864319,-25.479689
,-49.802804999803,-25.5553910001884
,-50.648526,-26.10016
,-50.296583,-24.168953
,-48.891961,-25.448269
,-52.050059,-23.45592
,-49.856187,-24.422383
,-50.006399,-23.317782
,-50.2508379996623,-25.0391920003406
,-50.877522,-26.288893
,-51.055737,-26.697069
,-49.0596649996647,-25.4402019999665
,-51.543694,-23.564466
,-50.150309,-26.374776
,-51.776837,-27.419416
,-49.945806,-24.527495
,-51.01547,-26.771973
,-50.111532,-25.070917
,-51.160115,-25.512042
,-50.911096000443,-24.6441370000273
,-49.8049650004462,-26.1088849997044
,-51.340287,-23.299936
,-49.014008000346,-25.4720579998263
,-49.802162,-26.093987
,-49.6045610003427,-26.2175090003738
,-50.210677,-25.228515
,-49.3371380000636,-26.2821919998871
,-51.9866270000213,-23.4307510004142
,-49.39233,-26.273591
,-49.844884,-23.692715
,-51.864739,-23.460196
,-50.313235999965,-27.3534520004378
,-50.522549,-23.14474
,-50.293971,-27.793292
,-48.686829000143,-25.5210439997159
,-49.7086089996162,-24.7056790004415
,-50.317414,-26.107789
,-50.039419,-24.871682
,-49.2796609999731,-25.3195469995909
,-49.223022,-25.439611
,-49.303368,-25.26569
,-50.4594480003191,-25.3707710001219
,-50.3598880001837,-27.004421000173
,-51.858231,-27.444973
,-51.08566,-26.233038
,-50.7981890001928,-23.1963329998999
,-50.1097299998621,-25.086141999907
,-51.2970419999465,-23.7452830003945
,-49.1072370000242,-25.4441850001075
,-51.155665,-27.004421
,-48.9441749999569,-25.4268220001292
,-50.805821,-26.237853
,-50.24134,-24.251796
,-50.0943070002783,-25.1617530004428
,-49.7451080003631,-25.9311620001054
,-49.803269,-23.87989
,-49.8382870004344,-25.5238690004363
,-54.213702,-28.164609
,-55.803356,-29.770573
,-53.854949,-28.451583
,-52.257149,-27.984907
,-51.9650409996307,-29.8493329999541
,-51.792093,-29.892974
,-53.556379,-29.795512
,-51.5180350003478,-29.1736579998662
,-54.04860599996,-31.3554829997605
,-51.6018189999157,-29.617387000076
,-53.913647,-29.653458
,-53.6341120001993,-28.7204780001688
,-50.3429659998496,-27.8930620002662
,-54.912707,-28.730797
,-51.712198,-29.870558
,-52.7006509998,-29.9727439996682
,-52.790609,-28.288134
,-51.4919440000355,-29.2833579997734
,-53.256919,-31.855912
,-52.501149,-31.766594
,-56.725096,-29.773592
,-51.4680169996514,-28.971794999957
,-52.852355,-30.006374
,-54.725461,-28.146819
,-53.718441,-29.695473
,-54.002511000236,-29.6486400000186
,-54.751733,-29.366658
,-51.183489,-29.925895
,-54.013818,-28.255677
,-55.299962,-28.955616
,-53.3209490003728,-31.7905740001877
,-54.825235,-29.888516
,-53.600877,-28.646454
,-54.205526,-29.704561
,-53.192295,-28.278639
,-51.877699,-28.966589
,-54.134611,-31.279175
,-51.182555,-29.986986
,-53.562073,-31.51056
,-52.302242,-27.853254
,-52.672976,-31.851915
,-52.23973,-27.755501
,-53.653894,-31.481257
,-55.941723,-28.700063
,-54.927528,-29.849472
,-53.728126,-28.873861
,-54.404676,-27.890908
,-52.274718,-27.629214
,-51.961389,-29.474572
,-50.4559049997762,-28.0829769997985
,-53.261106,-29.879976
,-52.273439,-28.325902
,-51.4620509998317,-28.8608449999857
,-55.031296,-29.819037
,-53.680782,-28.559833
,-51.5224899997633,-29.9120359999271
,-53.818531,-29.627741
,-54.350191,-28.031307
,-56.19052,-29.756488
,-54.559328,-28.150512
,-51.5220209997278,-29.2554290001711
,-51.3908039999126,-29.9018030003649
,-52.09325,-27.587049
,-51.632497,-29.910879
,-53.468232,-28.553804
,-51.9070690001047,-28.8521320003431
,-53.6851300002276,-29.3151009998203
,-52.270126,-27.908279
,-52.300355,-28.125258
,-53.1429990002023,-31.8814979997334
,-53.871018,-31.403243
,-53.923796,-28.388418
,-55.102165,-29.786944
,-51.538273,-29.018989
,-53.6823790002203,-29.2248170000989
,-54.69158,-29.502983
,-53.141367,-29.931453
,-51.4362349996053,-28.7271900002023
,-55.213644,-29.686336
,-52.0051909996037,-28.5611499995563
,-54.942449,-28.409213
,-54.2765689996971,-30.7707679999784
,-55.541144,-30.88117
,-53.044321,-29.926872
,-53.453867,-28.484906
,-54.151344,-28.235754
,-52.09742,-28.408786
,-51.5063009999431,-29.7030709999931
,-56.875492,-29.750977
,-54.452543,-29.567294
,-51.878525000032,-29.1615789997459
,-52.2352889997309,-29.8431170003015
,-55.770195,-28.78279
,-51.8698389998355,-29.4038319998995
,-51.4161799996415,-29.8444169999725
,-51.206021,-29.998222
,-52.541934,-29.994448
,-55.245089,-30.658562
,-52.398391,-28.240004
,-53.36595,-28.456954
,-53.7827849997832,-29.5854150002649
,-56.522541,-29.765522
,-53.056025,-28.27883
,-55.543651,-29.678467
,-52.8288709999593,-31.8608749996669
,-53.4424379996228,-31.6581290004232
,-52.1489500001975,-29.8155470001608
,-55.380118,-30.81378
,-52.3530469996644,-31.7671179999314
,-52.56709,-28.287684
,-51.7667820003783,-29.5414489997552
,-51.1811119997413,-29.8720520004115
,-52.110966,-32.109529
,-52.255397,-32.074443
,-52.3652579995742,-29.9571720004105
,-54.7263150002789,-30.0103249999296
,-52.078819,-32.034989
,-52.080463,-32.044917
,-50.8225960002202,-28.3805719996525
,-51.9049800000364,-27.4619010002348
,-51.8534420003196,-29.2613889997143
,-52.383511,-29.978933
,-53.3769449996434,-29.8108310004052
,-55.128305,-30.514887
,-54.920863,-30.260847
,-53.250808,-28.362918
,-54.1902829999088,-31.0319470002134
,-51.959365,-28.717065
,-54.3499499999602,-30.3254989998263
,-54.954795,-29.936168
,-56.010599,-28.644505
,-54.431458999879,-29.7530509998373
,-53.800643,-29.678802
,-54.250686,-28.267157
,-52.891878,-28.291966
,-54.182956,-29.631879
,-50.6506400002608,-28.2937549996686
,-54.431507,-27.865928
,-54.872921,-29.188144
,-54.35066,-30.63526
,-51.7319239997328,-29.1783090002228
,-54.824931,-28.931862
,-54.5586739995767,-30.1347289995522
,-54.1473860001129,-30.9397100003976
,-55.410657,-29.658691
,-51.244938,-29.907278
,-54.386972,-30.24046
,-53.8355359996572,-29.0799450003603
,-54.578959,-29.535319
,-54.6360499996346,-29.8425589997606
,-55.154767,-29.045914
,-57.076475,-29.760222
,-50.952034999914,-28.5099320002012
,-54.350389,-29.558292
,-52.022679,-27.570163
,-51.243534000251,-28.5898099995803
,-54.3680919998749,-30.4596780003819
,-51.288579000137,-29.899108000241
,-52.3146129996528,-31.9404789999053
,-53.6874910002437,-29.483612000157
,-51.466171,-22.075585
,-50.420788,-22.661739
,-48.3868999997189,-23.5743639996738
,-48.481931,-23.716431
,-48.927438,-23.111428
,-49.403597,-23.004961
,-49.041049,-23.047147
,-49.477269,-23.010706
,-48.596027999972,-23.7968519997416
,-49.163716,-23.033983
,-50.387109,-22.743584
,-48.771293,-23.890412
,-48.618685,-23.094167
,-50.074091,-22.818823
,-48.047211,-23.582594
,-49.634568,-23.045231
,-48.885441,-23.957604
,-48.844403,-23.125159
,-49.784741,-23.007965
,-47.508311,-23.476623
,-49.570126,-23.027974
,-48.135801,-23.607012
,-49.320693,-22.999102
,-47.955629,-23.480251
,-51.171587,-22.149889
,-48.5727930000104,-23.0396249995513
,-48.9111569995929,-23.9898290001275
,-49.054075,-24.325287
,-48.96801,-24.166042
,-49.870274,-22.975918
,-52.108836,-21.755813
,-50.572762,-22.414451
,-51.381764,-22.122872
,-51.554405,-22.013504
,-50.220707,-22.788087
,-51.846382,-21.875415
,-50.69929,-22.251021
,-51.306604,-22.221148
,-50.883185,-22.226211
,-49.972713,-22.900219
,-51.651452,-21.970146
,-47.834442,-23.350138
,-48.5455889996539,-22.9636690001994
,-48.732609,-23.117842
,-49.707519,-23.036883
,-48.9744149999684,-24.2848809996697
,-48.84765,-24.502256
,-49.255604,-23.020643
,-44.343882,-2.733465
,-43.622015,-4.632621
,-43.888406,-4.450954
,-43.093852,-4.876677
,-43.365143,-4.858501
,-44.301544,-3.139486
,-44.365986,-3.386312
,-42.754394,-5.093025
,-44.187851,-3.958728
,-44.310824,-2.698732
,-42.457903,-5.03133
,-44.125907,-4.129563
,-44.251037,-2.939659
,-44.245674,-2.586436
,-44.339363,-2.923683
,-44.366956,-2.573683
,-42.768808,-5.098884
,-43.952005,-4.256885
,-44.207262,-3.739496
,-44.303732,-2.68953
,-42.8346319998982,-5.08798299958766
,-41.283844,-5.174598
,-38.591864,-3.82685
,-38.970346,-6.942869
,-38.869387,-4.335456
,-41.151373,-5.147027
,-38.717548,-6.730865
,-38.659819,-3.735828
,-40.664694,-5.176734
,-39.059532,-6.606011
,-39.408408,-7.233442
,-39.456505,-6.099628
,-38.620503,-3.89504
,-38.8003315444727,-3.72965022923556
,-38.63643,-4.040555
,-39.299524,-6.363942
,-38.921367,-4.563815
,-40.924536,-5.050386
,-40.723424,-4.539423
,-40.706637,-4.323998
,-39.583352,-3.496865
,-38.530176,-3.721389
,-38.940048,-4.650536
,-40.470934,-3.948192
,-38.704709,-4.224353
,-41.554775,-5.317219
,-38.965935,-6.755468
,-42.174485,-5.116991
,-38.610514,-3.926562
,-38.472373,-3.714625
,-39.377567,-7.222216
,-39.417105,-5.803383
,-40.56661,-4.707512
,-38.900909,-4.469624
,-41.082275,-5.04707
,-41.988731,-5.175471
,-38.617687,-3.985184
,-38.812102,-3.552605
,-38.867847,-3.705838
,-38.562926,-3.775219
,-39.283695,-5.200201
,-39.117688,-3.675658
,-39.011578,-4.969284
,-41.776334,-5.238962
,-39.013744,-6.666008
,-38.449844,-6.729968
,-39.968494,-3.571174
,-40.358111,-3.688531
,-39.371087,-5.58551
,-39.4428514766797,-3.59038981715747
,-39.355029,-5.433531
,-40.580639,-4.139091
,-39.142111,-7.243565
,-40.537887,-4.943393
,-39.313408,-7.209815
,-39.008274,-7.099541
,-37.630787,-7.751569
,-36.66272,-9.756223
,-36.075296,-9.100784
,-36.42536,-8.337678
,-35.341958,-7.335699
,-35.796288,-8.233222
,-35.136407,-6.379756
,-34.835971,-6.974138
,-35.421417,-5.632232
,-35.036361,-8.286449
,-34.886726,-8.073968
,-36.793658,-9.957784
,-36.064504,-8.971207
,-36.940824,-7.122503
,-35.005323,-8.364613
,-35.304503,-5.706153
,-36.503858,-5.499208
,-35.811683,-8.744873
,-35.386728,-8.579234
,-35.485277,-6.851054
,-35.204895,-6.279319
,-35.777974,-7.306236
,-35.881684,-8.813411
,-35.590554,-8.216868
,-35.178344,-7.893757
,-36.068394,-7.069444
,-36.627787,-9.408282
,-35.620848,-7.300142
,-36.635873,-9.537073
,-36.242995,-5.697225
,-35.944925,-8.81645
,-35.015339,-8.110894
,-36.579565,-7.066455
,-35.720174,-9.671994
,-34.987908,-8.099941
,-34.890827,-7.115355
,-36.371951,-9.370768
,-35.897434,-7.229743
,-36.076571,-9.413921
,-35.86055,-9.476111
,-36.685236,-9.638235
,-35.810572,-8.782373
,-36.625708,-5.10841
,-34.922991,-8.157289
,-35.103047,-8.119103
,-35.951962,-9.31071
,-35.436778,-6.625925
,-35.525908,-8.622345
,-35.206968,-5.780779
,-35.256122,-7.84598
,-35.233622,-7.614867
,-35.228345,-7.750423
,-38.235245,-6.769739
,-37.803162,-6.774498
,-34.960051,-8.202106
,-34.981274,-8.063738
,-35.584459,-8.679596
,-36.705205,-8.362031
,-34.871148,-8.063748
,-37.279356,-7.023919
,-36.472374,-9.31954
,-36.015851,-8.828485
,-38.728182,-8.109199
,-35.373925,-8.510266
,-35.31737,-7.059999
,-36.13835,-8.329762
,-35.039568,-7.998893
,-35.229192,-8.366331
,-38.297871,-7.984091
,-39.124502,-8.076723
,-35.314456,-7.514589
,-35.138812,-7.15573
,-35.720015,-8.670985
,-36.002702,-9.502489
,-37.264898,-8.073991
,-34.969844,-8.395735
,-35.96942,-8.28303
,-36.032344,-9.159574
,-34.913644,-8.129644
,-37.049332,-8.419852
,-36.244741,-9.370989
,-36.100569,-8.892153
,-35.296418,-8.120733
,-35.254456,-7.550144
,-36.362496,-7.056729
,-35.257698,-5.914711
,-35.543905,-8.642773
,-36.05918,-9.011405
,-35.820293,-5.540651
,-34.926869,-8.161181
,-34.98025,-7.124978
,-47.41566,-4.91691
,-50.143146,-6.036209
,-49.098308,-5.396947
,-46.597996,-4.321589
,-49.882188,-5.975219
,-44.34557,-2.568149
,-45.417596,-3.698475
,-40.409003,-20.151046
,-42.8686189999638,-19.6558779996938
,-41.0612200000397,-19.4941120000124
,-41.5286989996691,-19.0717839997592
,-41.0135899997047,-19.510579000057
,-43.265849,-19.65123
,-40.6484289996412,-19.542574000029
,-41.4781719997912,-19.1645570000011
,-43.018132,-19.73901
,-43.86939,-20.419411
,-40.4040949997881,-19.9348609995513
,-42.364036,-19.317099
,-43.414469,-20.148912
,-41.951429,-18.851894
,-40.8133360002204,-19.5318409999015
,-42.55271,-19.485059
,-43.2316140000067,-19.6340150000242
,-41.1678329997397,-19.3941769996779
,-42.490499,-19.479481
,-43.128444,-19.842134
,-42.644594,-19.525731
,-40.366438,-19.748594
,-40.355345,-20.327886
,-41.2552939997321,-19.3235820001362
,-43.1726749999722,-19.9320490003295
,-41.5447359996773,-19.0125610001231
,-43.505998,-20.234661
,-41.6481860001633,-18.9803979996015
,-46.985055,-23.530758
,-47.3279110000451,-22.7385870001668
,-51.073187,-21.680194
,-48.171011,-21.795207
,-48.103125,-21.724483
,-48.99986,-22.303011
,-48.470865,-20.953098
,0.0,0.0
,-48.165172,-21.19388
,-48.1117710003511,-22.2875579997984
,-48.543957,-20.531787
,-47.142709,-22.886679
,-48.683646,-20.174565
,-47.4535590003545,-22.4823330003283
,-48.120857,-24.711714
,-48.543043,-20.717303
,-46.835361,-23.518533
,-47.0671629998926,-22.9089149997248
,-48.9763039998106,-21.1309379998767
,-47.2215089877642,-23.5096127959248
,-48.3798779997846,-22.3713410002196
,-46.721403,-23.51875
,-51.541168,-21.490454
,-48.2641819995741,-21.6557379996001
,-49.7232259998177,-20.5604399998439
,-49.311711,-20.86964
,-46.707104,-23.906259
,-46.8118120003104,-23.8301009999622
,-48.107073,-22.323987
,-47.2330250004272,-23.4719169995573
,-46.644575,-23.919785
,-46.618204,-23.974642
,-48.146418,-22.373202
,-47.9590680002583,-22.2439680004332
,-48.836148,-22.332559
,-50.248482,-20.304366
,-48.067426,-21.882328
,-47.8397090002686,-22.1110100004035
,-48.0718,-21.440882
,-46.4641219998078,-23.9328379999568
,-49.666274,-22.219577
,-48.04059,-21.496825
,-48.898288,-22.309479
,-47.2211760001173,-22.8604529997082
,-50.696338,-21.860131
,-47.8174,-22.257408
,-50.5564349996591,-20.2660609998484
,-47.631619,-24.328316
,-48.5560150000189,-22.304936999615
,-51.432794,-21.507244
,-46.870547,-23.196756
,-47.0141919997699,-23.6805290003063
,-48.435236,-22.346695
,-47.3976359999523,-22.5663919999822
,-46.949244,-23.086146
,-48.3690729999354,-21.5916519997275
,-49.9495690004214,-22.2134169995755
,-47.157393,-22.862826
,-47.291475,-22.776545
,-48.102668999864,-21.8279369999692
,-50.876691,-21.794577
,-47.7852279997878,-22.3315020001934
,-48.774259,-22.358548
,-46.421696,-23.87203
,0.0,0.0
,-51.862658,-21.355656
,-48.90132,-21.184478
,-46.761301,-23.530831
,-46.514692,-23.991116
,-51.264421,-21.569688
,-47.002873,-24.315082
,-47.6935580000284,-22.3548609995756
,-47.313702,-22.766685
,-48.068238,-21.594276
,-49.4099540003625,-20.8060649998524
,-50.9942459995639,-20.1323259999746
,-47.573785,-22.437817
,-47.854588,-24.48419
,-48.8038720003923,-21.2345719998513
,-50.937523000056,-20.2144230000185
,-48.389118,-21.464837
,-47.8965780002114,-22.0225310002494
,-48.083631,-21.688237
,-46.480719,-23.99103
,-49.368683,-20.811409
,-47.5280149998094,-22.4531159998095
,-47.2643019996775,-22.8209420004126
,-47.039428,-22.924827
,0.0,0.0
,-48.226293,-22.414604
,-48.0322430000187,-21.9228429996097
,-48.133807,-21.752288
,-49.052124,-22.310949
,-48.48611,-21.388999
,-48.1727659998321,-22.4259389997983
,-47.3520229999639,-22.6521699997359
,-50.516385,-21.941911
,-48.0744,-21.626366
,-49.1744480000572,-20.9516589995978
,-50.7948279999456,-20.2503790000167
,-47.1559059996256,-23.0206560001856
,-46.9712689996747,-23.0293439995751
,-49.9832790003087,-20.4404729997065
,-49.826951,-22.218726
,-48.306461,-22.399297
,-49.589605999849,-20.7347040000742
,-46.711938,-23.764263
,-48.034152,-22.265086
,-46.9107810001823,-23.7844209995832
,-48.623429,-22.349705
,-46.477009,-23.930005
,-48.685521,-22.366668
,-48.127834,-21.347136
,-47.2178369999849,-23.1413000000542
,-50.175586,-22.105971
,-47.3292659995535,-23.3599870002767
,-47.233941,-24.273506
,-46.5464699997308,-23.9558949998071
,-47.322516999613,-23.2401420003671
,-48.305232,-21.634331
,-47.14402,-22.712491
,-51.8792959995996,-25.2262900004206
,-53.319583,-24.991332
,-53.1287649996693,-25.0928339999179
,-52.2205199997173,-25.2555039999017
,-51.7324380000441,-25.3975459995887
,-52.0569790000528,-25.17301099959
,-52.7277600002739,-25.1352570003471
,-52.5493299995608,-25.2405929996376
,-52.9338170001579,-25.0957149996225
,-51.8123140002302,-25.3315079996677
,-52.3846559998296,-25.2966990003816
,-53.297273,-17.271667
,-51.215125,-20.011276
,-53.122001,-18.207023
,-52.713008,-18.757567
,-52.785714,-18.718777
,-52.10518,-19.247867
,-51.823763,-19.781565
,-52.501121,-18.895972
,-52.945772,-18.491944
,-51.9309219997756,-19.6425220000634
,-53.200928,-17.965849
,-51.486509,-19.963826
,-52.234946,-18.975675
,-53.30399,-17.606842
,-45.113892,-20.075016
,-44.681899,-20.126544
,-45.547532,-20.285466
,-45.902273,-20.055893
,-46.919707,-18.996371
,-44.171645,-22.544155
,-44.080099,-19.933285
,-45.980541,-20.014514
,-43.876623,-19.738604
,-43.879211,-19.804557
,-44.77354,-20.184272
,-44.865423,-20.554754
,-44.201989,-19.966541
,-46.172575,-19.701505
,-46.673738,-19.168447
,-45.739709,-20.125573
,-45.595218,-20.131838
,-44.885134,-20.144097
,-45.026894,-20.06186
,-46.778111,-19.131761
,-44.961813,-21.251315
,-44.976821,-20.105232
,-45.462922,-20.065716
,-44.028724,-19.939435
,-44.555292,-20.066793
,-45.238852,-20.09302
,-47.170528,-18.882723
,-45.792722,-20.057492
,-45.333617,-20.095292
,-46.636077,-19.309417
,-43.859509,-19.881774
,-44.89284,-20.449604
,-45.686016,-20.185726
,-44.819881,-20.146967
,-46.539245,-19.47226
,-46.245579,-19.7141
,-46.636875,-19.258851
,-44.343933,-19.951027
,-46.450347,-19.516906
,-44.008249,-19.647777
,-46.80234,-19.059643
,-45.548296,-20.060698
,-46.00029,-19.95525
,-44.428345,-19.98519
,-44.093839,-19.557763
,-43.961406,-19.677071
,-46.535255,-19.388423
,-46.986334,-18.93554
,-46.319506,-19.651102
,-44.019915,-19.946691
,-44.043518,-19.623312
,-47.076311,-18.885838
,-43.883766,-19.699776
,-45.295208,-20.087287
,-47.282397,-18.945137
,-44.513217,-20.028319
,-44.605309,-20.074197
,-45.261485,-21.696814
,-46.086689,-19.820927
,-46.021084,-19.884465
,-46.394151,-19.595209
,-46.1247060002951,-19.7588450003981
,-44.2698190002865,-19.9419319999457
,-43.922404,-19.692161
,-44.91653,-20.232904
,-44.144054,-19.953728
,-47.371106,-18.978765
,-44.11324,-19.94662
,-44.4739060001918,-20.007262999652
,-57.510103,-19.447358
,-52.87709,-20.448947
,-56.233117,-20.255206
,-49.327878,-22.156836
,-54.105225,-20.441566
,-57.590547,-19.300718
,-55.792365,-20.475497
,-53.059587,-20.438284
,-50.515468,-21.224422
,-51.487848,-20.874158
,-52.055134,-20.792263
,-49.951943,-21.461428
,-53.17864,-20.397452
,-54.582175,-20.508398
,-50.814818,-21.279985
,-50.351347,-21.299078
,-54.818815,-20.851823
,-53.947968,-20.388087
,-56.989616,-19.854377
,-55.120146,-21.468948
,-55.636432,-20.486322
,-57.646385,-19.011389
,-49.603527,-21.798197
,-54.641975,-20.573699
,-55.287217,-20.436128
,-56.641923,-20.194588
,-57.169092,-19.80883
,-50.285652,-21.352597
,-49.117323,-22.322088
,-56.318111,-20.236038
,-51.36587,-20.908199
,-50.61167,-21.24929
,-53.385791,-20.371894
,-52.687597,-20.45973
,-52.218423,-20.600751
,-51.211673,-21.032723
,-51.802211,-20.800427
,-55.907298,-20.391825
,-49.588823,-21.899599
,-50.212768,-21.386717
,-50.641918,-21.25777
,-56.767403,-20.076705
,-49.796995,-21.608255
,-54.795821,-20.66161
,-50.947182,-21.205555
,-54.761588,-20.481357
,-55.354395,-22.086285
,-51.637756,-20.792116
,-51.562974,-20.831089
,-57.430152,-19.639047
,-51.975904,-20.803012
,-54.671367,-20.45399
,-55.754561,-20.473567
,-57.59177,-19.004455
,-49.733336,-21.655206
,-51.708411,-20.792063
,-54.295728,-20.494971
,-54.496789,-20.509536
,-51.039698,-21.166222
,-53.501732,-20.436535
,-54.70281,-20.45734
,-55.169374,-21.607974
,-56.379589,-20.241023
,-55.205552,-20.434214
,-51.10248,-21.129418
,-55.301145,-21.929306
,-52.779311,-20.453379
,-49.275849,-22.202558
,-52.143217,-20.765444
,-57.456218,-19.610342
,-55.016407,-20.401877
,-52.54496,-20.526441
,-55.43005,-20.448314
,-49.858231,-21.528347
,-50.078991,-21.418247
,-55.051174,-21.258107
,-55.533763,-20.478787
,-51.335849,-20.954336
,-54.964187,-21.090533
,-49.462695,-21.988474
,-49.439554,-22.101279
,-55.579174,-22.193826
,-49.382909,-22.161044
,-52.390852,-20.563351
,-53.758707,-20.441549
,-55.733666,-22.523329
,-56.505195,-20.197788
,-54.957586,-20.931445
,-52.301133,-20.546381
,-55.326897,-21.718489
,-55.713961,-22.327605
,-49.221866,-22.239601
,-54.864937,-20.44497
,-57.637756,-19.16315
,-50.868871,-21.224679
,-49.15078,-22.296882
,-56.080914,-20.288919
,-48.787744,-28.432024
,-48.966657,-28.452892
,-49.180394,-28.692117
,-49.015714,-28.492332
,-49.298121,-28.71174
,-48.655269,-28.237944
,-49.02614,-28.619569
,-49.007974,-28.512333
,-49.104873,-28.669943
,-49.395842,-28.696021
,-49.441003,-28.575467
,-49.435755,-28.740091
,-48.991012,-28.485862
,-49.318707,-28.532164
,-43.328533,-22.011285
,-45.22865,-22.839438
,-44.159632,-20.16932
,-43.518681,-22.267721
,-43.998853,-20.481821
,-44.448666,-22.461621
,-43.420732,-22.237611
,-43.218105,-22.886047
,-43.747302,-21.319858
,-43.779927,-22.440853
,-44.363176,-21.667511
,-43.813767,-22.882206
,-44.140818,-22.535289
,-43.769312,-21.224988
,-43.435576,-21.676104
,-43.830843,-20.312452
,-43.676547,-22.339697
,-43.578328,-22.285825
,-43.249561,-22.135968
,-44.022064,-19.973457
,-43.823835,-22.471906
,-43.779043,-20.753343
,-44.198563,-20.142174
,-43.784216,-20.718481
,-44.321643,-21.111678
,-44.023617,-20.41205
,-45.705224,-23.099206
,-43.505048,-21.595606
,-46.149159,-23.504013
,-44.123991,-20.125057
,-43.69418,-21.144209
,-43.318071,-21.836433
,-43.794799,-20.661695
,-43.732198,-21.004161
,-43.699809,-21.031501
,-45.008613,-22.660387
,-43.218806,-22.1197
,-43.910587,-20.51383
,-43.787792,-20.464877
,-45.400005,-22.921889
,-43.810311,-20.951505
,-44.960131,-22.586171
,-43.723509,-21.190314
,-43.333523,-21.886566
,-43.340012,-22.00629
,-44.398662,-21.183506
,-43.812393,-20.555903
,-43.493979,-21.625611
,-43.735035,-22.39477
,-43.298072,-21.800569
,-43.456795,-21.640806
,-43.313677,-21.786989
,-43.512474,-21.551813
,-45.787366,-23.138352
,-45.829486,-23.161058
,-45.16385,-22.78186
,-44.674913,-22.504916
,-43.679341,-22.55316
,-44.22198,-22.501107
,-43.64534,-21.124315
,-43.396311,-21.724889
,-44.298474,-22.452366
,-43.211703,-22.081115
,-44.277851,-21.750794
,-44.317987,-22.284291
,-43.691213,-22.745769
,-46.031601,-23.413818
,-43.673171,-22.67399
,-44.029528,-22.997864
,-44.397513,-21.56343
,-44.473062,-21.241619
,-45.191371,-22.813857
,-43.70746,-22.533375
,-44.567824,-22.483712
,-44.061795,-20.021421
,-43.751536,-20.97521
,-46.1840680000435,-23.4086149998515
,-44.257615,-21.865471
,-43.912356,-22.929417
,-44.1289440004349,-22.5232919998219
,-43.710219,-21.400403
,-43.975796,-20.592844
,-43.341426,-21.761015
,-44.067786,-20.710699
,-44.193862,-22.348152
,-43.981969,-20.534362
,-44.165569,-22.061879
,-43.980154,-20.550937
,-44.098333,-20.227411
,-43.971103,-19.99893
,-43.732895,-21.374148
,-43.800335,-20.520425
,-43.926739,-20.50201
,-43.825736,-20.37537
,-43.941143,-20.537588
,-45.119655,-22.732987
,-43.65242,-22.596371
,-44.190859,-20.05691
,-44.054364,-20.333084
,-43.726624,-22.528039
,-44.122311,-20.195885
,-43.804944,-20.626167
,-43.358431,-21.747988
,-43.63617,-21.442186
,-44.085237,-20.26532
,-43.318547,-21.868185
,-43.455422,-22.228175
,-44.285574,-22.307827
,-44.197762,-21.943537
,-43.828835,-20.192965
,-43.744014,-22.818
,-43.346649,-21.920876
,-46.00321,-23.214337
,-44.239952,-22.49447
,-43.815634,-20.895295
,-45.460693,-22.92834
,-46.311054,-23.444804
,-43.789019,-20.687578
,-44.000531,-22.515055
,-44.103387,-20.031599
,-43.290028,-22.159818
,-44.221942,-22.379089
,-43.843391,-22.483589
,-43.829911,-20.406658
,-44.389758,-21.454949
,-43.775322,-20.789142
,-43.828226,-20.527633
,-43.7007990000359,-21.4143489997039
,-44.769759,-22.539687
,-44.016682,-20.452948
,-45.306334,-22.897835
,-44.143446,-20.944368
,-43.674378,-21.433335
,-46.092859,-23.324442
,-44.051928,-22.484023
,-44.101949,-20.783229
,-44.419838,-21.35947
,-44.321289,-22.229865
,-43.296505,-21.773433
,-43.598677,-21.450501
,-43.239536,-22.009623
,-43.811412,-22.506872
,-43.550481,-21.455022
,-44.189525,-22.530332
,-43.751747,-21.283903
,-44.23891,-22.161253
,-43.373878,-21.961438
,-45.885552,-23.173783
,-43.486837,-22.249282
,-43.522543,-21.50744
,-44.209691,-20.111267
,-44.142481,-20.034221
,-43.201025,-22.028438
,-43.995612,-22.935431
,-46.255792,-23.434794
,-46.022156,-23.370907
,-45.55559,-23.019872
,-44.034146,-20.378956
,-43.760931,-21.261826
,-43.933714,-22.50408
,-43.357628,-22.196076
,-44.847417,-22.560935
,-44.099914,-22.513285
,-43.689922,-22.36923
,-43.890327,-22.482342
,-44.228146,-21.020752
,-42.69235,-21.385761
,-43.605377,-22.67903
,-43.477139,-22.692123
,-43.369619,-22.82369
,-43.37813,-22.811398
,-43.370328,-22.81494
,-43.2701,-22.880257
,-43.363802,-22.840072
,-43.260353,-22.881759
,-43.748184,-22.892465
,-43.652676,-22.644381
,-43.35871,-22.848299
,-43.422592,-22.749577
,-43.396394,-22.793845
,-46.396342,-23.861965
,-46.7019,-23.518482
,-46.312377,-23.922201
,-46.419592,-23.891079
,-46.341686,-23.768088
,-46.4899489996419,-23.6582640000923
,-46.2816,-23.978356
,-46.365719,-23.478577
,-46.599054,-23.544565
,-46.596551,-23.582459
,-46.4037929995509,-23.7255689999617
,-46.712852,-23.511791
,-46.600031,-23.574978
,-46.343845,-23.663851
,-46.303354,-23.776767
,-46.7541259995789,-23.4041229996297
,-46.373753,-23.851475
,-46.6238079998358,-23.5382149997722
,-46.391827,-23.743385
,-46.4146370002985,-23.7138619999022
,-46.36233,-23.827282
,-46.52804,-23.652091
,-46.570329,-23.609931
,-46.336146,-23.929286
,-46.288892,-23.555444
,-46.544077,-23.626157
,-46.7358570001052,-23.2976140002272
,-46.6675679998428,-23.52542300006
,-46.6163339997502,-23.5456139999977
,-46.482576,-23.485139
,-46.7521070000394,-23.3666360001041
,-46.785545,-23.206573
,-46.332345,-23.525676
,-46.7426219998839,-23.2808689999582
,-46.7249819997273,-23.3269669998205
,-46.4486410002484,-23.6921780003901
,-46.3480749996053,-23.4859420003486
,-46.73823900019,-23.4558229996196
,-46.6348909999093,-23.5351860004399
,-46.4615239996588,-23.6681930000303
,-46.198307,-23.52174
,-46.7149359997919,-23.5035099998842
,-46.5366929996049,-23.6383070001492
,-46.616276,-23.545073
,-46.307811,-23.534226
,-46.5877349998402,-23.5946890003926
,-46.745358000099,-23.468726999998
,-46.829143,-23.20889
,-43.773348,-20.436771
,-47.139936,-22.877123
,-47.686087,-23.351192
,-47.258995,-23.536671
,-47.183361,-23.544556
,-47.365314,-23.507132
,-47.45443,-23.496121
,-47.56627,-23.437819
,-47.675513,-23.284101
,-47.703406,-23.224295
,-47.743997,-23.162961
,-47.786625,-23.084468
,-47.838874,-23.04609
,-47.889562,-23.040454
,-47.947229,-23.035125
,-48.01021,-23.011473
,-48.100253,-22.963123
,-48.160434,-22.967014
,-48.216128,-22.994717
,-48.298402,-22.93791
,-48.376792,-22.910898
,-48.444397,-22.873918
,-48.492531,-22.893652
,-48.55732,-22.822499
,-48.566927,-22.728898
,-48.597128,-22.65113
,-48.664809,-22.594868
,-48.798333,-22.594915
,-48.989368,-22.475365
,-47.12862,-22.790313
,-46.94262,-22.432218
,-44.172184,-22.544264
,-43.747216,-20.436445
,-43.858746,-19.871122
,-43.781966,-20.513477
,-47.4407221078396,-5.58065004995142
,-47.406755,-6.458161
,-43.624992,-20.369007
,-43.479926,-20.170057
,-40.067966,-19.82525
,-43.420964,-19.891053
,-43.184027,-19.949687
,-43.120393,-19.825772
,-43.79755,-19.871358
,-43.348277,-19.996639
,-43.846753,-20.416289
,-43.600668,-19.960766
,-43.222764,-19.608971
,-43.175395,-19.645541
,-40.9139900004234,-19.5053530001746
,0.0,0.0
,-40.269024,-20.227977
,-40.376397,-20.287858
,-40.3590920000396,-19.8293389997807
,-38.770537,-11.887467
,-38.012747,-11.661757
,-38.497024,-12.092856
,-38.641007,-12.513507
,-40.190097,-10.455147
,-37.625907,-11.144707
,-41.593033,-14.195155
,-38.324124,-12.701373
,-40.327041,-10.511643
,-38.308589,-12.646077
,-38.541893,-12.667074
,-38.297192,-12.612684
,-42.076369,-14.420345
,-38.511353,-12.678072
,-38.902477,-12.495477
,-42.809088,-14.916397
,-42.570831,-14.743563
,-37.944997,-11.801907
,-41.069088,-13.86772
,-38.475743,-12.713919
,-39.074127,-11.531857
,-40.278149,-10.574814
,-39.851497,-10.696607
,-41.2456,-14.019529
,-38.632947,-11.944937
,-37.781167,-11.275157
,-40.210467,-12.767542
,-38.331827,-12.409227
,-40.9532770001852,-13.2936669996236
,-40.194267,-10.256039
,-40.503647,-9.429706
,-42.216786,-14.50884
,-37.069187,-10.905437
,-38.374797,-12.352477
,-41.042776,-13.763347
,-41.725624,-14.241577
,-39.868612,-12.726254
,-42.510013,-14.681363
,-38.883807,-11.797047
,-38.000857,-11.941587
,-41.87713,-14.387894
,-38.397693,-12.78497
,-38.296575,-12.525267
,-42.897102,-15.031401
,-38.447759,-12.775777
,-36.974972,-10.539852
,-40.243257,-9.981678
,-38.37504,-12.246982
,-38.169197,-11.953307
,-41.28145,-14.09265
,-38.485437,-12.709045
,-42.368741,-14.648702
,-40.373761,-12.839244
,-36.829705,-10.221537
,-40.018087,-10.546527
,-38.997237,-12.496367
,-40.7451270000485,-13.0444769998567
,-39.631107,-10.977147
,-37.261446,-11.005997
,-37.169307,-10.74694
,-37.929027,-11.478367
,-37.033623,-10.695815
,-41.663683,-14.204706
,-37.475567,-11.019907
,-38.313147,-12.069557
,-38.429338,-12.142548
,-39.013127,-11.662787
,-39.37573,-11.253804
,-38.968027,-12.606537
,-40.526907,-13.003197
,-39.697957,-12.708027
,-42.651391,-14.775499
,-41.481435,-14.12457
,-39.247802,-12.678951
,-39.426197,-12.768697
,-39.189017,-11.449007
,-41.084621,-13.612465
,-38.700817,-12.552527
,-40.350922,-12.797691
,-38.981797,-12.634677
,-41.108297,-13.433787
,-44.395115,-18.264573
,-44.218702,-22.504349
,-47.603319,-19.544938
,-47.939358,-18.169861
,-44.248031,-19.197555
,-44.266587,-18.107437
,-44.603761,-21.680321
,-44.316747,-23.011665
,-44.254623,-21.910786
,-48.215595,-18.640142
,-46.952186,-19.606858
,-47.704892,-18.901612
,-48.970578,-16.617407
,-45.37602,-20.696294
,-43.922184,-19.919651
,-48.154544,-18.686957
,-44.18014,-17.878283
,-44.773002,-21.03307
,-47.843358,-19.615938
,-47.94534,-17.038331
,-43.802577,-17.111936
,-47.803687,-16.525466
,-47.941622,-15.776946
,-45.26678,-20.896867
,-45.194554,-21.46259
,-49.118662,-16.714483
,-43.970281,-19.92252
,-44.453182,-18.362485
,-44.444837,-18.781156
,-45.281399,-20.774577
,-48.399374,-16.906315
,-43.742857,-16.960319
,-48.402304,-17.064531
,-43.55183,-16.040566
,-43.953703,-17.280046
,-44.009257,-17.464067
,-44.292982,-22.111472
,-44.280095,-22.178292
,-42.960295,-15.361931
,-43.707374,-16.324348
,-45.432024,-20.460573
,-45.08634,-21.351463
,-44.257421,-22.288693
,-44.008865,-19.955364
,-48.877988,-16.444443
,-43.700835,-16.850955
,-43.984442,-19.93103
,-48.092483,-18.139757
,-43.91236,-19.90549
,-44.868933,-21.313328
,-44.932028,-21.302398
,-47.20735,-19.591551
,-44.164465,-17.764317
,-47.952824,-16.133856
,-47.981363,-15.861034
,-43.313804,-15.808212
,-44.274115,-22.940732
,-47.965274,-18.83099
,-44.740512,-21.516347
,-44.132367,-22.525331
,-45.161403,-21.022372
,-44.239478,-21.995886
,-48.775866,-16.593237
,-47.946025,-18.169956
,-44.095241,-22.658791
,-44.310422,-21.737174
,-44.999994,-21.225401
,-42.879352,-15.153091
,-43.86396,-16.728666
,-44.907199,-21.146964
,-44.444421,-18.82378
,-43.736044,-16.60825
,-44.44842,-18.543656
,-44.823739,-20.692369
,-43.6232,-16.196602
,-49.204273,-16.666679
,-44.998559,-21.256202
,-44.321693,-19.120498
,-45.089118,-21.094004
,-44.815975,-21.441287
,-46.682599,-19.623596
,-44.154264,-19.481402
,-48.172015,-17.74393
,-44.946437,-17.353373
,-44.235631,-22.210617
,-48.275393,-17.297615
,-48.24511,-17.351562
,-44.259203,-22.407213
,0.0,0.0
,-44.134691,-22.726123
,-45.05938,-21.190996
,-44.198641,-19.429693
,0.0,0.0
,-44.438859,-21.69885
,-44.235844,-19.343577
,-45.440494,-20.599907
,-46.8396969996831,-19.5511450003204
,-43.173464,-15.662349
,-44.83205,-20.881683
,-44.7103770000142,-21.6221839997094
,-45.43571,-21.554432
,-48.5143749997105,-16.7420300004026
,-48.1686319999251,-17.9069539999992
,-44.203834,-22.825443
,-44.731725,-17.596063
,-44.07228,-19.59054
,-47.881316,-18.166379
,-47.001637,-19.576512
,-48.107928,-18.318453
,-48.153627,-18.513693
,-48.318734,-17.202789
,-43.066946,-15.534426
,-47.900785,-16.806246
,-47.452722,-19.535134
,-42.49909,-21.590877
,-40.771767,-20.493524
,-42.178393,-21.547328
,-41.199434,-20.913544
,-42.992401,-22.037711
,-43.403036,-22.320712
,-42.740965,-21.375778
,-41.397896,-21.807013
,-41.126236,-20.792029
,-41.337682,-21.751128
,-42.202022,-22.4778
,-41.505827,-21.986511
,-42.617908,-21.855095
,-43.480441,-22.462582
,-43.507927,-22.483257
,-41.156874,-20.812759
,-40.857722,-20.599303
,-41.492792,-21.678413
,-41.333047,-21.125511
,-42.402262,-22.646661
,-41.783392,-22.375529
,-40.672829,-20.41094
,0.0,0.0
,-41.346896,-20.952221
,-41.362195,-21.064851
,-41.468833,-21.381837
,-42.713258,-21.892202
,-42.721217,-21.895862
,0.0,0.0
,-42.62575,-22.709477
,-42.513838,-21.454199
,-42.011142,-22.42599
,-42.46731,-21.526497
,-41.461068,-21.217264
,-41.752986,-21.646616
,-41.280088,-20.90212
,-41.402705,-21.722881
,-42.713872,-22.730078
,-41.994527,-21.630264
,-41.407141,-21.826386
,-41.66116,-22.18762
,-42.585253,-21.451115
,-42.540914,-21.769949
,-40.49132,-20.390042
,-41.00543,-20.668666
,-42.895974,-22.705124
,-46.97778,-22.058578
,-46.715595,-21.936664
,-46.633822,-21.822023
,0.0,0.0
,-47.100119,-21.788806
,-46.9602049995777,-22.2689000003796
,0.0,0.0
,-47.663774,-21.299688
,-47.83729,-20.443079
,-47.875714,-20.551796
,-48.25132,-18.749177
,-47.556892,-21.486078
,-47.431607,-21.576499
,-46.800583,-21.964551
,0.0,0.0
,-47.00251,-22.692363
,-47.839558,-21.020556
,-47.889439,-20.893928
,-47.034746,-21.892461
,-46.931159,-22.357688
,-46.9366969996224,-22.1466540004087
,-47.905216,-20.709695
,-47.911299,-19.862983
,-47.783354,-21.149481
,-47.275547,-21.697052
,-47.925755,-19.73712
,-48.246125,-18.887973
,-47.902211,-19.992968
,-47.860489,-20.071167
,-46.944126,-22.606082
,-48.12125,-19.193632
,-47.807692,-20.351992
,-47.650669,-23.384822
,-47.23033,-23.541505
,-47.338465,-23.526789
,-47.59217,-23.426141
,-47.474128,-6.570576
,-51.026774,-20.094755
,-43.822135,-22.899486
,-43.470042,-22.237742
,-46.556496,-23.536073
,-45.771667,-23.131944
,-43.770377,-22.548949
,-43.780046,-22.533851
,-43.672007,-22.57388
,-44.343477,-2.578357
,-43.329691,-4.853604
,-49.082401,-22.324825
,-41.311502,-21.639617
,-42.6668960002128,-19.5264070003236
,-48.575669,-20.325146
,-38.850037,-12.484477
,-46.686406,-24.128094
,-51.544958,-25.400135
,-42.704767,-21.887767
,-47.334447,-19.597902
,-38.296266,-12.569778
,-48.93091,-16.397502
,-42.100473,-21.623844
,-51.734523,-21.399221
,-43.52361,-22.510028
,-51.227279,-21.578323
,-42.141246,-21.581718
,-48.509959,-22.332787
,-46.6511989998191,-23.8811630002201
,-50.8690310003286,-24.7529310004392
,-40.373382,-20.219238
,-51.01778,-22.25062
,-47.620359000061,-22.3934959998595
,-44.530996,-18.076782
,-44.0704720003437,-17.5193769999558
,-44.96059,-17.363938
,-48.6299679996696,-21.3249599998701
,-38.971692,-12.600245
,-41.167143,-20.829963
,-51.990439,-21.825686
,-45.65867,-20.237873
,-44.209097,-19.474497
,-41.914504,-21.576831
,-45.191181,-21.601453
,-47.62136,-21.408911
,-43.863009,-19.888414
,-49.0607330003325,-21.0518360002957
,-49.2801900000765,-20.9026969999153
,-51.184038,-26.413813
,-46.69349,-23.85236
,-41.605263,-22.071324
,-43.860979,-20.50279
,-43.565416,-22.532169
,-41.344453,-21.500287
,-44.505176,-18.217715
,-43.868397,-22.903485
,-47.183453,-21.758417
,-49.8046080001775,-20.4958579995904
,-42.998523,-19.730809
,-47.17005,-23.572923
,-48.376410000001,-21.5143779998748
,-41.407462,-21.1632
,-40.366399,-20.239441
,-34.936187,-8.086884
,-54.276295,-29.585177
,-45.474845,-20.354808
,-49.6712759999948,-20.6909949997201
,-39.099257,-12.647467
,-43.69007,-22.608303
,-43.657024,-21.058069
,-44.353557,-2.573416
,-34.943515,-8.175873
,-43.224459,-19.632753
,-51.21865,-29.873277
,-41.617157,-21.627807
,-36.730233,-7.08109
,-50.3976020002807,-20.2811589997393
,-50.8817910003643,-24.5674759996536
,-42.014314,-22.405111
,-48.703238,-21.311558
,-51.167922,-21.611273
,-43.301859,-19.95946
,-48.556383,-20.592374
,-43.802756,-20.5882
,-50.280248,-26.070314
,-38.352809,-12.779135
,-51.260797,-23.846584
,-44.228117,-22.477158
,-35.905177,-8.265643
,-47.184551,-23.574242
,-45.411867,-20.644222
,-46.973912,-22.664873
,-47.782157,-23.333453
,-50.3958,-21.997369
,-43.826842,-20.929988
,-41.157788,-20.893158
,-51.634624,-21.464253
,-44.024135,-22.958901
,-48.324342,-20.998467
,-47.123657,-19.555267
,-41.771783,-22.387859
,-50.958127,-21.767637
,-48.21372,-17.645095
,-51.252714,-22.178349
,-40.919238,-20.619349
,-51.357093,-21.562107
,-47.1975370004185,-23.1102189999463
,-46.785229,-24.180893
,-39.608233,-3.501717
,-47.209275,-24.280715
,-39.28136,-11.362648
,-45.966284,-23.304465
,-41.017683,-20.705021
,-48.013376,-24.691012
,-39.718097,-10.847347
,-49.729275,-22.209105
,-45.246294,-20.910419
,-44.039472,-19.9827
,-41.522712,-21.644123
,-41.955874,-22.409794
,-44.318823,-2.702107
,-48.542566,-25.542124
,-44.301398,-2.679055
,-44.574746,-17.886872
,-51.019837,-21.724647
,-45.567353,-20.104345
,-47.970425,-19.594297
,-53.639561,-20.423173
,-47.287857,-24.225693
,-51.600658,-21.490424
,-45.398684,-20.083824
,-46.94991,-22.522039
,-40.812407,-20.55648
,-50.18275,-20.356377
,-48.884921,-16.615282
,-47.46196,-24.287225
,-49.5150979997957,-20.8135149997309
,-49.229837,-16.659941
,-46.620088,-24.092656
,-50.8830150001293,-24.3549360003996
,-50.715975,-25.543981
,-47.338889,-24.246839
,-49.0259,-28.486219
,-45.435292,-20.475272
,-50.097942,-22.145304
,-47.02499,-21.956856
,-38.574057,-11.991517
,0.0,0.0
,-50.013498,-22.154114
,-43.603984,-22.574095
,-43.2293510000115,-19.9702300003698
,-38.331321,-12.767287
,-43.309953,-22.014926
,-43.301837,-22.019782
,-42.252239,-21.496558
,-50.797684,-21.786855
,0.0,0.0
,-38.450329,-12.73672
,-43.424167,-22.426475
,-38.366849,-12.300288
,-50.252279,-22.096816
,-51.185809,-20.014553
,-43.742239,-20.99532
,-48.00426,-23.524355
,-43.085073,-22.057037
,-40.506027,-9.39701
,-51.223296,-27.044691
,-51.731101,-21.8848
,-47.62226,-22.748482
,-46.7255210002916,-23.4887409998706
,-48.222054,-21.014053
,-46.571763,-21.78662
,-38.328667,-12.431357
,-41.461665,-21.2071
,-56.885227,-19.95938
,-52.849528,-30.053055
,-52.335211,-31.78247
,-40.347017,-20.328425
,-47.895929,-22.247463
,-44.031813,-20.428184
,-51.998295,-23.456981
,-42.596287,-21.665026
,-41.840254,-21.593034
,-50.312239,-22.069578
,-39.524417,-11.095407
,-42.069392,-22.468058
,-44.349837,-2.928402
,-42.577869,-21.645811
,-47.2560030002331,-23.1892930000353
,-47.410024,-22.749954
,-50.57885,-26.076574
,-41.447653,-21.268212
,-50.686629,-20.23898
,-38.341995,-12.398136
,0.0,0.0
,-48.622659,-16.697552
,-49.8997810004346,-20.4515060001731
,-46.591253,-24.077719
,-46.757911,-24.16617
,-50.31348,-22.817433
,-49.698742,-20.666115
,-44.366468,-2.577804
,-40.4824150001938,-9.47361700012697
,-38.681367,-12.530692
,-41.312378,-21.609381
,-50.8806790003663,-20.2370679997628
,-42.591077,-21.713094
,-50.6478260000474,-20.2473099997399
,-35.119615,-7.90876
,-46.993333,-22.969254
,-41.0477,-20.775353
,-42.838381,-22.736511
,-43.514675,-22.495931
,-43.947166,-22.926043
,-41.407657,-21.445209
,-47.805356,-22.182069
,-43.316643,-22.217169
,-34.99748,-8.269753
,-48.228078,-8.073422
,-48.3721560034571,-8.96306957016394
,-48.0724821136915,-7.3325586969466
,-43.751093,-22.924175
,-38.855685,-3.653047
,-44.175835,-20.032223
,-38.566227,-3.720624
,-49.361638,-28.709336
,-49.347423,-28.71121
,-44.158866,-20.159582
,-44.269904,-21.799348
,-47.228199,-23.533678
,-44.362196,-2.564225
,-44.366661,-2.570741
,-44.375721,-2.566198
,-47.2637788910288,-23.4155636423048
,-47.3005744736273,-23.3818846146563
,-47.337942244161,-23.3057859602268
,-47.1612351283569,-22.9772326026923
,-47.0971255468355,-23.6259569998677
,-46.967174,-23.751666
,-46.8631195340371,-23.7820027662342
,-46.7044002334355,-23.9062695258475
,-47.3942267066618,-4.92674302360407
,-47.4129070779044,-5.25391751541282
,-47.4163717442356,-6.01165227033687
,-47.5619365023361,-6.99638104268148
,-47.7959341682727,-7.18467554413139
,-48.0906886294948,-7.68798040130652
,-48.2089426813138,-8.47722051675368
,-48.4089854431379,-9.41638829020457
,-48.5619183920023,-9.79906141411764
,-48.556838,-10.206488
,-47.141328,-22.909243
,-43.678374,-22.638115
,-54.229167,-17.308889
,-47.551667,-22.451111
,-53.785278,-29.681398
,-47.557767,-22.409117
,-47.134899,-22.889949
,-43.934879,-20.522196
,-43.960762,-20.549595
,-43.2068099883432,-22.1138102424501
,-42.16076,-19.082
,-41.348101,-19.234905
,-46.37497,-23.838579
,-44.310503,-2.621653
,-38.539631,-12.648661
,-44.660295,-20.101089
,0.0,0.0
,-46.433429,-23.896775
,-53.567778,-17.251667
,-53.813056,-17.270556
,-53.994722,-17.344444
,-54.385278,-17.304167
,-54.635556,-17.241389
,-54.795,-17.110556
,-54.825278,-16.880833
,-54.697902,-16.710545
,-49.686704,-24.222675
,-43.769778,-21.212603
,-43.475678,-21.70546
,-49.775838,-5.812693
,-49.879375,-5.972655
,-50.206667,-6.465556
,-44.201144,-20.978492
,-44.731920162717,-20.155411357759
,-43.885629,-20.511428
,-47.3562721703483,-5.37180285252668
,-47.365602,-5.409755
,-47.561536,-5.420939
,-46.3389306853614,-23.4987114212089
,-46.361658,-23.859099
,-46.384774,-23.925209
,-48.6843270879638,-10.3687423441988
,-49.0338113312217,-12.5742268762195
,-48.8288045822834,-11.0818253610877
,-49.138542,-14.147201
,-48.8175565762757,-10.6980294889015
,-48.7931060520143,-11.4520268995228
,-49.1655761347044,-13.7207645277495
,-49.10585256622,-12.155073462925
,-48.998098,-11.765241
,-49.3877751014934,-15.8512846734697
,-49.278776125166,-16.2663416312769
,-49.1169022335186,-13.3877656055715
,-49.4340403851978,-15.5959914820544
,-49.128778768747,-13.0398191156695
,-49.3754662329686,-15.3252030256402
,-49.1926993986847,-14.9605663059452
,-49.1074256222237,-14.5388544833728
,-48.920783,-16.400555
,-49.054911,-28.650371
,-43.822783,-20.211511
,-43.677019,-22.620692
,-48.158853,-19.022341
,-47.907513,-19.471534
,-48.109098,-19.287937
,-50.114292,-20.403664
,-47.977439,-21.969492
,-40.372964,-3.688131
,-44.136539,-17.634083
,-43.519726,-19.934247
,-43.656748,-19.953408
,-43.76522,-19.879666
,-43.372578,-20.01453
,-43.424742,-20.054946
,-43.519584,-20.314082
,-43.675861,-20.411174
,-43.466985,-19.915995
,-43.705,-19.914167
,-40.367807,-3.718552
,-43.806763,-22.45674
,-43.834468,-22.912047
,-46.387238,-23.857616
,-46.37495,-23.763743
,-46.324093,-23.640484
,-44.532343,-22.480968
,-45.342832,-22.911389
,-45.616749,-23.05345
,-44.35109,-2.577871
,-46.992832,-19.61208
,-46.826567,-19.027694
,-43.842165,-20.444973
,-48.902878,-21.178195
,-44.3425,-21.155809
,-44.286613,-21.058056
,-44.378927,-3.632454
,-47.944444,-19.68003
,-45.63364,-20.249209
,-54.212074,-17.309746
,-53.23884,-17.425468
,-53.296862,-17.809093
,-52.057638,-19.434833
,-51.665467,-19.929425
,-51.069024,-20.078587
,-48.458736,-21.404917
,-48.512874,-21.376356
,-48.74614,-21.268026
,-44.224341,-3.728847
,-44.366921,-2.573139
,-51.338806,-19.954276
,-51.890526,-19.671975
,-52.924442,-18.611318
,-53.107262,-18.278387
,0.0,0.0
,0.0,0.0
,0.0,0.0
,0.0,0.0
,0.0,0.0
,-50.337634,-20.286357
,-49.278784,-16.260128
,-49.328458,-16.367097
,-49.576445,-16.602354
,-49.930668,-16.857742
,-50.102715,-17.468833
,-50.628905,-17.816978
,-50.767517,-17.906024
,-50.949478,-17.986046
,-50.900555,-18.190018
,-50.641432,-18.453034
,-50.622807,-18.795296
,-50.519079,-19.039854
,-50.42634,-19.351767
,-50.345745,-19.638269
,-50.463762,-19.870187
,-50.362568,-20.24638
,-46.628874,-19.567075
,-50.688531,-17.862548
,-39.259746,-12.682572
,-40.312232,-20.20672
,-46.740363,-21.958366
,0.0,0.0
,0.0,0.0
,0.0,0.0
,0.0,0.0
,0.0,0.0
,0.0,0.0
,0.0,0.0
,0.0,0.0
,0.0,0.0
,0.0,0.0
,0.0,0.0
,0.0,0.0
,0.0,0.0
,0.0,0.0
,0.0,0.0
,0.0,0.0
,0.0,0.0
,0.0,0.0
,0.0,0.0
,0.0,0.0
,0.0,0.0
,0.0,0.0
,0.0,0.0
,0.0,0.0
,0.0,0.0
,0.0,0.0
,0.0,0.0
,0.0,0.0
,0.0,0.0
,0.0,0.0
,0.0,0.0
,0.0,0.0
,0.0,0.0
,0.0,0.0
,0.0,0.0
,0.0,0.0
,0.0,0.0
,0.0,0.0
,0.0,0.0
,0.0,0.0
,0.0,0.0
,0.0,0.0
,0.0,0.0
,0.0,0.0
,0.0,0.0
,0.0,0.0
,0.0,0.0
,0.0,0.0
,0.0,0.0
,0.0,0.0
,0.0,0.0
,0.0,0.0
,0.0,0.0
,0.0,0.0
,0.0,0.0
,0.0,0.0
,0.0,0.0
,0.0,0.0
,0.0,0.0
,0.0,0.0
,0.0,0.0
,0.0,0.0
,0.0,0.0
,0.0,0.0
,0.0,0.0
,0.0,0.0
,0.0,0.0
,0.0,0.0
,0.0,0.0
,0.0,0.0
,0.0,0.0
,0.0,0.0
,0.0,0.0
,0.0,0.0
,0.0,0.0
,0.0,0.0
,0.0,0.0
,0.0,0.0
,0.0,0.0
,0.0,0.0
,0.0,0.0
,0.0,0.0
,0.0,0.0
,0.0,0.0
,0.0,0.0
,0.0,0.0
,0.0,0.0
,0.0,0.0
,0.0,0.0
,0.0,0.0
,-47.844124,-20.493885
,-47.864509,-20.245836
,0.0,0.0
,0.0,0.0
,0.0,0.0
,0.0,0.0
,0.0,0.0
,0.0,0.0
,0.0,0.0
,0.0,0.0
,0.0,0.0
,0.0,0.0
,0.0,0.0
,0.0,0.0
,0.0,0.0
,0.0,0.0
,0.0,0.0
,0.0,0.0
,0.0,0.0
,0.0,0.0
,0.0,0.0
,0.0,0.0
,0.0,0.0
,0.0,0.0
,0.0,0.0
,0.0,0.0
,0.0,0.0
,0.0,0.0
,0.0,0.0
,0.0,0.0
,0.0,0.0
,0.0,0.0
,0.0,0.0
,0.0,0.0
,0.0,0.0
,0.0,0.0
,0.0,0.0
,0.0,0.0
,0.0,0.0
,0.0,0.0
,0.0,0.0
,0.0,0.0
,0.0,0.0
,0.0,0.0
,0.0,0.0
,0.0,0.0
,0.0,0.0
,0.0,0.0
,0.0,0.0
,0.0,0.0
,0.0,0.0
,0.0,0.0
,0.0,0.0
,0.0,0.0
,0.0,0.0
,0.0,0.0
,0.0,0.0
,0.0,0.0
,0.0,0.0
,0.0,0.0
,0.0,0.0
,0.0,0.0
,0.0,0.0
,0.0,0.0
,0.0,0.0
,0.0,0.0
,0.0,0.0
,0.0,0.0
,0.0,0.0
,0.0,0.0
,0.0,0.0
,0.0,0.0
,0.0,0.0
,0.0,0.0
,0.0,0.0
,0.0,0.0
,0.0,0.0
,0.0,0.0
,0.0,0.0
,0.0,0.0
,0.0,0.0
,0.0,0.0
,0.0,0.0
,0.0,0.0
,0.0,0.0
,0.0,0.0
,0.0,0.0
,0.0,0.0
,0.0,0.0
,0.0,0.0
,0.0,0.0
,0.0,0.0
,0.0,0.0
,0.0,0.0
,0.0,0.0
,0.0,0.0
,0.0,0.0
,0.0,0.0
,0.0,0.0
,0.0,0.0
,0.0,0.0
,0.0,0.0
,0.0,0.0
,0.0,0.0
,0.0,0.0
,0.0,0.0
,0.0,0.0
,0.0,0.0
,0.0,0.0
,0.0,0.0
,0.0,0.0
,0.0,0.0
,0.0,0.0
,-47.890987,-18.830069
,-47.432997,-5.558886
,0.0,0.0
,0.0,0.0
,0.0,0.0
,0.0,0.0
,0.0,0.0
,0.0,0.0
,0.0,0.0
,0.0,0.0
,0.0,0.0
,0.0,0.0
,0.0,0.0
,0.0,0.0
,0.0,0.0
,0.0,0.0
,0.0,0.0
,0.0,0.0
,-43.581429,-19.955405
,0.0,0.0
,0.0,0.0
,0.0,0.0
